"Days","4 vCPU (multiproc)","4 vCPU (pool 40)"
1,"0:00:14.884281","n/a"
2,"0:00:25.187092","n/a"
5,"0:00:32.200277","n/a"
10,"0:00:36.835841","n/a"
20,"0:01:00.844882","0:00:55.884633"
30,"0:01:26.584030","0:01:42.349963"
60,"0:03:00.920877","0:02:54.025920"
90,"n/a","0:04:41.741785"
120,"n/a","0:04:49.123620"
150,"n/a","0:04:50.255267"
180,"n/a","0:05:14.823982"
240,"n/a","0:08:23.918683"
365,"n/a","0:12:55.349077"
