"Days", "1 vCPU"
1,"0:00:52.914511"
2,"0:01:20.022596"
5,"0:02:09.828812"
10,"0:04:48.011605"
20,"0:09:23.956856"
30,"0:14:45.333282"
