"Days","0.25 vCPU","1 vCPU","2 vCPU","4 vCPU"
1,"0:01:32.791264","0:00:52.914511","0:00:55.794225","0:00:53.478424"
2,"0:02:22.299960","0:01:20.022596","0:01:23.388623","0:01:21.303763"
5,"0:04:27.317248","0:02:09.828812","0:02:09.734081","0:02:10.454933"
10,"0:08:12.888487","0:04:48.011605","0:04:57.964754","0:04:55.957366"
20,"0:16:02.681853","0:09:23.956856","0:09:39.486719","0:09:26.266069"
30,"0:22:33.458805","0:14:45.333282","0:14:09.238106","0:14:22.425311"
