"Days", "0.25 vCPU"
1,"0:01:32.791264"
2,"0:02:22.299960"
5,"0:04:27.317248"
10,"0:08:12.888487"
20,"0:16:02.681853"
30,"0:22:33.458805"
