"Days","4 vCPU (multiproc)"
1,"0:00:14.884281"
2,"0:00:25.187092"
5,"0:00:32.200277"
10,"0:00:36.835841"
20,"0:01:00.844882"
30,"0:01:26.584030"
60,"0:03:00.920877"
