"Days","16 pool"
1,"0:00:38.461944"
2,"0:00:32.489628"
5,"0:00:27.475313"
10,"0:00:42.463274"
20,"0:01:17.435680"
30,"0:01:39.494036"
60,"0:03:29.518934"
90,"0:05:11.643307"
120,"0:05:21.542266"
150,"0:04:38.519587"
180,"0:05:11.526752"
240,"0:08:26.592465"
365,"0:15:42.836639"
570,"0:17:51.940024"
